-- Courses
INSERT INTO courses (course_id, discipline, course_number) VALUES
('CS101',   'Computer Science', '101'),
('CS201',   'Computer Science', '201'),
('CS301',   'Computer Science', '301'),
('CS401',   'Computer Science', '401'),
('BIO101',  'Biology', '101'),
('BIO201',  'Biology', '201'),
('BIO301',  'Biology', '301'),
('BIO401',  'Biology', '401'),
('BUS101',  'Business', '101'),
('BUS201',  'Business', '201'),
('BUS301',  'Business', '301'),
('BUS401',  'Business', '401'),
('PSY101',  'Psychology', '101'),
('PSY201',  'Psychology', '201'),
('PSY301',  'Psychology', '301'),
('PSY401',  'Psychology', '401'),
('ENG101',  'Engineering', '101'),
('ENG201',  'Engineering', '201'),
('ENG301',  'Engineering', '301'),
('ENG401',  'Engineering', '401'),
('ENGL101', 'English', '101'),
('ENGL201', 'English', '201'),
('ENGL301', 'English', '301'),
('ENGL401', 'English', '401'),
('MATH101', 'Mathematics', '101'),
('MATH201', 'Mathematics', '201'),
('MATH301', 'Mathematics', '301'),
('MATH401', 'Mathematics', '401'),
('CHEM101', 'Chemistry', '101'),
('CHEM201', 'Chemistry', '201'),
('CHEM301', 'Chemistry', '301'),
('CHEM401', 'Chemistry', '401'),
('PHYS101', 'Physics', '101'),
('PHYS201', 'Physics', '201'),
('PHYS301', 'Physics', '301'),
('PHYS401', 'Physics', '401');

-- Instructors
INSERT INTO instructors (instructor_id, first_name, last_name, department, email, degree_institute, degree_type) VALUES
('INST001','Dr. Michael','Thompson','Computer Science','michael.thompson@university.edu','Stanford University','PhD'),
('INST002','Dr. Jennifer','Chang','Computer Science','jennifer.chang@university.edu','MIT','PhD'),
('INST003','Dr. Robert','Williams','Computer Science','robert.williams@university.edu','Carnegie Mellon','PhD'),
('INST004','Dr. Lisa','Martinez','Computer Science','lisa.martinez@university.edu','UC Berkeley','PhD'),
('INST005','Dr. David','Johnson','Computer Science','david.johnson@university.edu','Georgia Tech','PhD'),
('INST006','Dr. Sarah','Davis','Biology','sarah.davis@university.edu','Harvard University','PhD'),
('INST007','Dr. James','Wilson','Biology','james.wilson@university.edu','Yale University','PhD'),
('INST008','Dr. Maria','Garcia','Biology','maria.garcia@university.edu','Johns Hopkins','PhD'),
('INST009','Dr. Christopher','Brown','Biology','christopher.brown@university.edu','Princeton','PhD'),
('INST010','Dr. Amanda','Miller','Biology','amanda.miller@university.edu','Caltech','PhD'),
('INST011','Dr. Kevin','Anderson','Business','kevin.anderson@university.edu','Wharton School','PhD'),
('INST012','Dr. Rachel','Taylor','Business','rachel.taylor@university.edu','Harvard Business School','MBA'),
('INST013','Dr. Brian','Thomas','Business','brian.thomas@university.edu','Northwestern Kellogg','PhD'),
('INST014','Dr. Nicole','Jackson','Business','nicole.jackson@university.edu','Stanford GSB','PhD'),
('INST015','Dr. Mark','White','Business','mark.white@university.edu','MIT Sloan','PhD'),
('INST016','Dr. Ashley','Harris','Psychology','ashley.harris@university.edu','Stanford University','PhD'),
('INST017','Dr. Daniel','Clark','Psychology','daniel.clark@university.edu','Harvard University','PhD'),
('INST018','Dr. Stephanie','Lewis','Psychology','stephanie.lewis@university.edu','Yale University','PhD'),
('INST019','Dr. Matthew','Lee','Psychology','matthew.lee@university.edu','UCLA','PhD'),
('INST020','Dr. Lauren','Walker','Psychology','lauren.walker@university.edu','University of Chicago','PhD'),
('INST021','Dr. Ryan','Hall','Engineering','ryan.hall@university.edu','MIT','PhD'),
('INST022','Dr. Megan','Allen','Engineering','megan.allen@university.edu','Stanford University','PhD'),
('INST023','Dr. Tyler','Young','Engineering','tyler.young@university.edu','Caltech','PhD'),
('INST024','Dr. Brittany','King','Engineering','brittany.king@university.edu','Georgia Tech','PhD'),
('INST025','Dr. Jason','Wright','English','jason.wright@university.edu','Harvard University','PhD'),
('INST026','Dr. Samantha','Lopez','English','samantha.lopez@university.edu','Yale University','PhD'),
('INST027','Dr. Andrew','Hill','English','andrew.hill@university.edu','Princeton','PhD'),
('INST028','Dr. Kayla','Scott','English','kayla.scott@university.edu','Columbia University','PhD'),
('INST029','Dr. Justin','Green','English','justin.green@university.edu','University of Chicago','PhD'),
('INST030','Dr. Alexis','Adams','Mathematics','alexis.adams@university.edu','MIT','PhD'),
('INST031','Dr. Jordan','Baker','Mathematics','jordan.baker@university.edu','Harvard University','PhD'),
('INST032','Dr. Taylor','Gonzalez','Mathematics','taylor.gonzalez@university.edu','Princeton','PhD'),
('INST033','Dr. Morgan','Nelson','Mathematics','morgan.nelson@university.edu','Stanford University','PhD'),
('INST034','Dr. Austin','Carter','Chemistry','austin.carter@university.edu','Caltech','PhD'),
('INST035','Dr. Hannah','Mitchell','Chemistry','hannah.mitchell@university.edu','MIT','PhD'),
('INST036','Dr. Zachary','Perez','Chemistry','zachary.perez@university.edu','Harvard University','PhD'),
('INST037','Dr. Olivia','Roberts','Chemistry','olivia.roberts@university.edu','Stanford University','PhD'),
('INST038','Dr. Noah','Turner','Chemistry','noah.turner@university.edu','UC Berkeley','PhD'),
('INST039','Dr. Emma','Phillips','Physics','emma.phillips@university.edu','MIT','PhD'),
('INST040','Dr. Ethan','Campbell','Physics','ethan.campbell@university.edu','Caltech','PhD'),
('INST041','Dr. Sophia','Parker','Physics','sophia.parker@university.edu','Harvard University','PhD'),
('INST042','Dr. Mason','Evans','Physics','mason.evans@university.edu','Princeton','PhD');

-- Students (password default = 'Student@123')
INSERT INTO undergraduate_students
(student_number, first_name, last_name, email, classification, major, gpa, admission_date, password_hash)
VALUES
('UG2021001','John','Smith','john.smith@university.edu','Senior','Computer Science',3.45,'2021-08-15', crypt('Student@123', gen_salt('bf'))),
('UG2021002','Sarah','Johnson','sarah.johnson@university.edu','Senior','Biology',3.78,'2021-08-20', crypt('Student@123', gen_salt('bf'))),
('UG2021003','Michael','Davis','michael.davis@university.edu','Senior','Business',3.12,'2021-08-18', crypt('Student@123', gen_salt('bf'))),
('UG2021004','Emily','Wilson','emily.wilson@university.edu','Senior','Psychology',3.89,'2021-08-22', crypt('Student@123', gen_salt('bf'))),
('UG2021005','David','Brown','david.brown@university.edu','Senior','Engineering',3.56,'2021-08-25', crypt('Student@123', gen_salt('bf'))),
('UG2021006','Lisa','Garcia','lisa.garcia@university.edu','Senior','English',3.67,'2021-08-28', crypt('Student@123', gen_salt('bf'))),
('UG2021007','James','Miller','james.miller@university.edu','Senior','Mathematics',3.23,'2021-08-30', crypt('Student@123', gen_salt('bf'))),
('UG2021008','Ashley','Rodriguez','ashley.rodriguez@university.edu','Senior','Chemistry',3.91,'2021-09-02', crypt('Student@123', gen_salt('bf'))),
('UG2021009','Robert','Martinez','robert.martinez@university.edu','Senior','Physics',3.34,'2021-09-05', crypt('Student@123', gen_salt('bf'))),
('UG2021010','Jessica','Anderson','jessica.anderson@university.edu','Senior','Art',3.75,'2021-09-08', crypt('Student@123', gen_salt('bf'))),
('UG2021011','Christopher','Taylor','christopher.taylor@university.edu','Senior','History',3.42,'2021-09-10', crypt('Student@123', gen_salt('bf'))),
('UG2021012','Amanda','Thomas','amanda.thomas@university.edu','Senior','Political Science',3.83,'2021-09-12', crypt('Student@123', gen_salt('bf'))),
('UG2022013','Matthew','Jackson','matthew.jackson@university.edu','Junior','Computer Science',3.56,'2022-08-15', crypt('Student@123', gen_salt('bf'))),
('UG2022014','Nicole','White','nicole.white@university.edu','Junior','Biology',3.72,'2022-08-18', crypt('Student@123', gen_salt('bf'))),
('UG2022015','Daniel','Harris','daniel.harris@university.edu','Junior','Business',3.28,'2022-08-20', crypt('Student@123', gen_salt('bf'))),
('UG2022016','Stephanie','Clark','stephanie.clark@university.edu','Junior','Psychology',3.94,'2022-08-22', crypt('Student@123', gen_salt('bf'))),
('UG2022017','Kevin','Lewis','kevin.lewis@university.edu','Junior','Engineering',3.41,'2022-08-25', crypt('Student@123', gen_salt('bf'))),
('UG2022018','Rachel','Lee','rachel.lee@university.edu','Junior','English',3.68,'2022-08-28', crypt('Student@123', gen_salt('bf'))),
('UG2022019','Tyler','Walker','tyler.walker@university.edu','Junior','Mathematics',3.15,'2022-08-30', crypt('Student@123', gen_salt('bf'))),
('UG2022020','Megan','Hall','megan.hall@university.edu','Junior','Chemistry',3.87,'2022-09-02', crypt('Student@123', gen_salt('bf'))),
('UG2022021','Brandon','Allen','brandon.allen@university.edu','Junior','Physics',3.52,'2022-09-05', crypt('Student@123', gen_salt('bf'))),
('UG2022022','Lauren','Young','lauren.young@university.edu','Junior','Art',3.76,'2022-09-08', crypt('Student@123', gen_salt('bf'))),
('UG2022023','Jason','King','jason.king@university.edu','Junior','History',3.33,'2022-09-10', crypt('Student@123', gen_salt('bf'))),
('UG2022024','Brittany','Wright','brittany.wright@university.edu','Junior','Political Science',3.81,'2022-09-12', crypt('Student@123', gen_salt('bf'))),
('UG2022025','Ryan','Lopez','ryan.lopez@university.edu','Junior','Sociology',3.46,'2022-09-15', crypt('Student@123', gen_salt('bf'))),
('UG2023026','Samantha','Hill','samantha.hill@university.edu','Sophomore','Computer Science',3.64,'2023-08-15', crypt('Student@123', gen_salt('bf'))),
('UG2023027','Andrew','Scott','andrew.scott@university.edu','Sophomore','Biology',3.29,'2023-08-18', crypt('Student@123', gen_salt('bf'))),
('UG2023028','Kayla','Green','kayla.green@university.edu','Sophomore','Business',3.73,'2023-08-20', crypt('Student@123', gen_salt('bf'))),
('UG2023029','Justin','Adams','justin.adams@university.edu','Sophomore','Psychology',3.18,'2023-08-22', crypt('Student@123', gen_salt('bf'))),
('UG2023030','Alexis','Baker','alexis.baker@university.edu','Sophomore','Engineering',3.85,'2023-08-25', crypt('Student@123', gen_salt('bf'))),
('UG2023031','Jordan','Gonzalez','jordan.gonzalez@university.edu','Sophomore','English',3.51,'2023-08-28', crypt('Student@123', gen_salt('bf'))),
('UG2023032','Taylor','Nelson','taylor.nelson@university.edu','Sophomore','Mathematics',3.77,'2023-08-30', crypt('Student@123', gen_salt('bf'))),
('UG2023033','Morgan','Carter','morgan.carter@university.edu','Sophomore','Chemistry',3.36,'2023-09-02', crypt('Student@123', gen_salt('bf'))),
('UG2023034','Noah','Phillips','noah.phillips@university.edu','Sophomore','Physics',3.62,'2023-09-05', crypt('Student@123', gen_salt('bf'))),
('UG2023035','Hannah','Perez','hannah.perez@university.edu','Sophomore','Art',3.94,'2023-09-08', crypt('Student@123', gen_salt('bf'))),
('UG2023036','Zachary','Roberts','zachary.roberts@university.edu','Sophomore','History',3.27,'2023-09-10', crypt('Student@123', gen_salt('bf'))),
('UG2023037','Olivia','Turner','olivia.turner@university.edu','Sophomore','Political Science',3.79,'2023-09-12', crypt('Student@123', gen_salt('bf'))),
('UG2023038','Mia','Rogers','mia.rogers@university.edu','Sophomore','Sociology',3.44,'2023-09-15', crypt('Student@123', gen_salt('bf'))),
('UG2024039','Emma','Campbell','emma.campbell@university.edu','Freshman','Computer Science',3.82,'2024-08-15', crypt('Student@123', gen_salt('bf'))),
('UG2024040','Ethan','Parker','ethan.parker@university.edu','Freshman','Biology',3.56,'2024-08-18', crypt('Student@123', gen_salt('bf'))),
('UG2024041','Sophia','Evans','sophia.evans@university.edu','Freshman','Business',3.71,'2024-08-20', crypt('Student@123', gen_salt('bf'))),
('UG2024042','Mason','Edwards','mason.edwards@university.edu','Freshman','Psychology',3.25,'2024-08-22', crypt('Student@123', gen_salt('bf'))),
('UG2024043','Isabella','Collins','isabella.collins@university.edu','Freshman','Engineering',3.93,'2024-08-25', crypt('Student@123', gen_salt('bf'))),
('UG2024044','William','Stewart','william.stewart@university.edu','Freshman','English',3.48,'2024-08-28', crypt('Student@123', gen_salt('bf'))),
('UG2024045','Ava','Sanchez','ava.sanchez@university.edu','Freshman','Mathematics',3.67,'2024-08-30', crypt('Student@123', gen_salt('bf'))),
('UG2024046','Lucas','Morris','lucas.morris@university.edu','Freshman','Chemistry',3.39,'2024-09-02', crypt('Student@123', gen_salt('bf'))),
('UG2024047','Mia','Rogers','mia.rogers@university.edu','Freshman','Physics',3.84,'2024-09-05', crypt('Student@123', gen_salt('bf'))),
('UG2024048','Alexander','Reed','alexander.reed@university.edu','Freshman','Art',3.52,'2024-09-08', crypt('Student@123', gen_salt('bf'))),
('UG2024049','Charlotte','Cook','charlotte.cook@university.edu','Freshman','History',3.76,'2024-09-10', crypt('Student@123', gen_salt('bf'))),
('UG2024050','Benjamin','Morgan','benjamin.morgan@university.edu','Freshman','Political Science',3.31,'2024-09-12', crypt('Student@123', gen_salt('bf')));

-- Sections
INSERT INTO sections (section_id, course_id, semester, section_number, instructor_number) VALUES
('CS101-001','CS101','Fall 2024','001','INST001'),
('CS101-002','CS101','Fall 2024','002','INST002'),
('CS201-001','CS201','Fall 2024','001','INST003'),
('CS301-001','CS301','Fall 2024','001','INST004'),
('CS401-001','CS401','Fall 2024','001','INST005'),
('BIO101-001','BIO101','Fall 2024','001','INST006'),
('BIO101-002','BIO101','Fall 2024','002','INST007'),
('BIO201-001','BIO201','Fall 2024','001','INST008'),
('BIO301-001','BIO301','Fall 2024','001','INST009'),
('BIO401-001','BIO401','Fall 2024','001','INST010'),
('BUS101-001','BUS101','Fall 2024','001','INST011'),
('BUS101-002','BUS101','Fall 2024','002','INST012'),
('BUS201-001','BUS201','Fall 2024','001','INST013'),
('BUS301-001','BUS301','Fall 2024','001','INST014'),
('BUS401-001','BUS401','Fall 2024','001','INST015'),
('PSY101-001','PSY101','Fall 2024','001','INST016'),
('PSY101-002','PSY101','Fall 2024','002','INST017'),
('PSY201-001','PSY201','Fall 2024','001','INST018'),
('PSY301-001','PSY301','Fall 2024','001','INST019'),
('PSY401-001','PSY401','Fall 2024','001','INST020'),
('ENG101-001','ENG101','Fall 2024','001','INST021'),
('ENG201-001','ENG201','Fall 2024','001','INST022'),
('ENG301-001','ENG301','Fall 2024','001','INST023'),
('ENG401-001','ENG401','Fall 2024','001','INST024'),
('ENGL101-001','ENGL101','Fall 2024','001','INST025'),
('ENGL101-002','ENGL101','Fall 2024','002','INST026'),
('ENGL201-001','ENGL201','Fall 2024','001','INST027'),
('ENGL301-001','ENGL301','Fall 2024','001','INST028'),
('ENGL401-001','ENGL401','Fall 2024','001','INST029'),
('MATH101-001','MATH101','Fall 2024','001','INST030'),
('MATH201-001','MATH201','Fall 2024','001','INST031'),
('MATH301-001','MATH301','Fall 2024','001','INST032'),
('MATH401-001','MATH401','Fall 2024','001','INST033'),
('CHEM101-001','CHEM101','Fall 2024','001','INST034'),
('CHEM101-002','CHEM101','Fall 2024','002','INST035'),
('CHEM201-001','CHEM201','Fall 2024','001','INST036'),
('CHEM301-001','CHEM301','Fall 2024','001','INST037'),
('CHEM401-001','CHEM401','Fall 2024','001','INST038'),
('PHYS101-001','PHYS101','Fall 2024','001','INST039'),
('PHYS201-001','PHYS201','Fall 2024','001','INST040'),
('PHYS301-001','PHYS301','Fall 2024','001','INST041'),
('PHYS401-001','PHYS401','Fall 2024','001','INST042');

-- Rosters
INSERT INTO rosters (section_id, student_number, enrollment_date, grade) VALUES
('CS101-001','UG2024039','2024-08-20','A-'),
('CS101-001','UG2024041','2024-08-20','B+'),
('CS101-001','UG2024046','2024-08-20','B'),
('CS101-002','UG2024048','2024-08-20','A'),
('CS201-001','UG2023026','2024-08-18','A'),
('CS201-001','UG2023030','2024-08-18','B+'),
('CS301-001','UG2022013','2024-08-15','A-'),
('CS401-001','UG2021001','2024-08-15','B+'),
('BIO101-001','UG2024040','2024-08-20','A-'),
('BIO101-001','UG2024043','2024-08-20','A'),
('BIO101-002','UG2024047','2024-08-20','B+'),
('BIO201-001','UG2023027','2024-08-18','B'),
('BIO201-001','UG2023033','2024-08-18','A-'),
('BIO301-001','UG2022014','2024-08-15','A'),
('BIO401-001','UG2021002','2024-08-15','A'),
('BUS101-001','UG2024041','2024-08-20','A-'),
('BUS101-001','UG2024042','2024-08-20','B+'),
('BUS101-002','UG2024045','2024-08-20','B'),
('BUS201-001','UG2023028','2024-08-18','A'),
('BUS201-001','UG2023031','2024-08-18','B+'),
('BUS301-001','UG2022015','2024-08-15','B+'),
('BUS401-001','UG2021003','2024-08-15','A-'),
('PSY101-001','UG2024042','2024-08-20','B+'),
('PSY101-001','UG2024044','2024-08-20','A'),
('PSY101-002','UG2024049','2024-08-20','A-'),
('PSY201-001','UG2023029','2024-08-18','B'),
('PSY201-001','UG2023035','2024-08-18','A'),
('PSY301-001','UG2022016','2024-08-15','A'),
('PSY401-001','UG2021004','2024-08-15','A-'),
('ENG101-001','UG2024043','2024-08-20','A'),
('ENG101-001','UG2024047','2024-08-20','B+'),
('ENG201-001','UG2023030','2024-08-18','A-'),
('ENG201-001','UG2023034','2024-08-18','B+'),
('ENG301-001','UG2022017','2024-08-15','B+'),
('ENG401-001','UG2021005','2024-08-15','A-'),
('ENGL101-001','UG2024044','2024-08-20','A-'),
('ENGL101-002','UG2024048','2024-08-20','B+'),
('ENGL201-001','UG2023031','2024-08-18','A'),
('ENGL201-001','UG2023036','2024-08-18','B'),
('ENGL301-001','UG2022018','2024-08-15','A'),
('ENGL401-001','UG2021006','2024-08-15','A-'),
('MATH101-001','UG2024045','2024-08-20','A'),
('MATH101-001','UG2024046','2024-08-20','B+'),
('MATH201-001','UG2023032','2024-08-18','A-'),
('MATH201-001','UG2023038','2024-08-18','B+'),
('MATH301-001','UG2022019','2024-08-15','B'),
('MATH401-001','UG2021007','2024-08-15','B+'),
('CHEM101-001','UG2024046','2024-08-20','B+'),
('CHEM101-002','UG2024047','2024-08-20','A'),
('CHEM201-001','UG2023033','2024-08-18','B'),
('CHEM301-001','UG2022020','2024-08-15','A'),
('CHEM401-001','UG2021008','2024-08-15','A-'),
('PHYS101-001','UG2024047','2024-08-20','A-'),
('PHYS201-001','UG2023034','2024-08-18','B+'),
('PHYS301-001','UG2022021','2024-08-15','A-'),
('PHYS401-001','UG2021009','2024-08-15','B+');
